{"proxies":{"ti.rangebar.TiRangebarModule":{"superPackageName":"org.appcelerator.kroll","superProxyBindingClassName":"org.appcelerator.kroll.KrollModuleBindingGen","proxyClassName":"TiRangebarModule","proxyAttrs":{"propertyAccessors":[],"fullAPIName":"TiRangebar","name":"TiRangebar","proxyClassName":"ti.rangebar.TiRangebarModule","isTopLevel":false,"id":"ti.rangebar"},"packageName":"ti.rangebar","sourceName":"ti.rangebar.TiRangebarModuleBindingGen","superProxyClassName":"KrollModule","isModule":true,"genClassName":"TiRangebarModuleBindingGen","onAppCreate":"onAppCreate"},"ti.rangebar.RangebarViewProxy":{"superPackageName":"org.appcelerator.titanium.proxy","methods":{"printMessage":{"runOnUiThread":false,"hasInvocation":false,"args":[{"converter":"org.appcelerator.kroll.KrollConverter","defaultValueProvider":"org.appcelerator.kroll.KrollConverter","name":"message","sourceName":"message","type":"java.lang.String"}],"apiName":"printMessage","converter":"org.appcelerator.kroll.KrollConverter","defaultValueProvider":"org.appcelerator.kroll.KrollConverter","name":"__default_name__","returnType":"void"},"getMessage":{"runOnUiThread":false,"hasInvocation":false,"args":[],"apiName":"getMessage","converter":"org.appcelerator.kroll.KrollConverter","defaultValueProvider":"org.appcelerator.kroll.KrollConverter","name":"__default_name__","returnType":"java.lang.String"},"setMessage":{"runOnUiThread":false,"hasInvocation":false,"args":[{"converter":"org.appcelerator.kroll.KrollConverter","defaultValueProvider":"org.appcelerator.kroll.KrollConverter","name":"message","sourceName":"message","type":"java.lang.String"}],"apiName":"setMessage","converter":"org.appcelerator.kroll.KrollConverter","defaultValueProvider":"org.appcelerator.kroll.KrollConverter","name":"__default_name__","returnType":"void"}},"dynamicProperties":{"message":{"set":true,"nativeConverter":"org.appcelerator.kroll.KrollConverter","getMethodName":"getMessage","setMethodName":"setMessage","setMethodArgs":[{"converter":"org.appcelerator.kroll.KrollConverter","defaultValueProvider":"org.appcelerator.kroll.KrollConverter","name":"message","sourceName":"message","type":"java.lang.String"}],"setDefaultProviders":["org.appcelerator.kroll.KrollConverter"],"converter":"org.appcelerator.kroll.KrollConverter","defaultValueProvider":"org.appcelerator.kroll.KrollConverter","retain":true,"javascriptConverter":"org.appcelerator.kroll.KrollConverter","getHasInvocation":false,"runOnUiThread":false,"getMethodArgs":[],"getReturnType":"java.lang.String","setReturnType":"void","get":true,"name":"message","setHasInvocation":false,"getDefaultProviders":[]}},"superProxyBindingClassName":"org.appcelerator.titanium.proxy.TiViewProxyBindingGen","proxyClassName":"RangebarViewProxy","proxyAttrs":{"propertyAccessors":[],"fullAPIName":"TiRangebar.RangebarView","name":"RangebarView","proxyClassName":"ti.rangebar.RangebarViewProxy","isTopLevel":false,"id":"ti.rangebar.RangebarViewProxy","creatableInModule":"ti.rangebar.TiRangebarModule","parentModule":"org.appcelerator.kroll.annotations.Kroll.DEFAULT"},"packageName":"ti.rangebar","sourceName":"ti.rangebar.RangebarViewProxyBindingGen","superProxyClassName":"TiViewProxy","isModule":false,"genClassName":"RangebarViewProxyBindingGen"}},"modules":{"ti.rangebar.TiRangebarModule":{"apiName":"TiRangebar","createProxies":[{"propertyAccessors":[],"fullAPIName":"TiRangebar.RangebarView","name":"RangebarView","proxyClassName":"ti.rangebar.RangebarViewProxy","isTopLevel":false,"id":"ti.rangebar.RangebarViewProxy","creatableInModule":"ti.rangebar.TiRangebarModule","parentModule":"org.appcelerator.kroll.annotations.Kroll.DEFAULT"}]}}}